#SampleID	BarcodeSequence	LinkerPrimerSequence	Code	Phase	timepoint	Treatment	Description
148t4	GATTACA	ATGC	Pre-Phase-2	2	Pre	B	148t4
148t5	GATTACA	ATGC	Mid-Phase-2	2	Mid	B	148t5
148t6	GATTACA	ATGC	End-Phase-2	2	End	B	148t6
150t1	GATTACA	ATGC	Pre-Phase-1	1	Pre	B	150t1
151t1	GATTACA	ATGC	Pre-Phase-1	1	Pre	A	151t1
155t1	GATTACA	ATGC	Pre-Phase-1	1	Pre	B	155t1
156t1	GATTACA	ATGC	Pre-Phase-1	1	Pre	A	156t1
163t1	GATTACA	ATGC	Pre-Phase-1	1	Pre	A	163t1
169t1	GATTACA	ATGC	Pre-Phase-1	1	Pre	A	169t1
191t1	GATTACA	ATGC	Pre-Phase-1	1	Pre	B	191t1
150t2	GATTACA	ATGC	Mid-Phase-1	1	Mid	B	150t2
151t2	GATTACA	ATGC	Mid-Phase-1	1	Mid	A	151t2
155t2	GATTACA	ATGC	Mid-Phase-1	1	Mid	B	155t2
156t2	GATTACA	ATGC	Mid-Phase-1	1	Mid	A	156t2
163t2	GATTACA	ATGC	Mid-Phase-1	1	Mid	A	163t2
169t2	GATTACA	ATGC	Mid-Phase-1	1	Mid	A	169t2
191t2	GATTACA	ATGC	Mid-Phase-1	1	Mid	B	191t2
150t3	GATTACA	ATGC	End-Phase-1	1	End	B	150t3
151t3	GATTACA	ATGC	End-Phase-1	1	End	A	151t3
155t3	GATTACA	ATGC	End-Phase-1	1	End	B	155t3
156t3	GATTACA	ATGC	End-Phase-1	1	End	A	156t3
163t3	GATTACA	ATGC	End-Phase-1	1	End	A	163t3
169t3	GATTACA	ATGC	End-Phase-1	1	End	A	169t3
191t3	GATTACA	ATGC	End-Phase-1	1	End	B	191t3
150t4	GATTACA	ATGC	Pre-Phase-2	2	Pre	A	150t4
151t4	GATTACA	ATGC	Pre-Phase-2	2	Pre	B	151t4
155t4	GATTACA	ATGC	Pre-Phase-2	2	Pre	A	155t4
156t4	GATTACA	ATGC	Pre-Phase-2	2	Pre	B	156t4
163t4	GATTACA	ATGC	Pre-Phase-2	2	Pre	B	163t4
169t4	GATTACA	ATGC	Pre-Phase-2	2	Pre	B	169t4
191t4	GATTACA	ATGC	Pre-Phase-2	2	Pre	A	191t4
150t5	GATTACA	ATGC	Mid-Phase-2	2	Mid	A	150t5
151t5	GATTACA	ATGC	Mid-Phase-2	2	Mid	B	151t5
155t5	GATTACA	ATGC	Mid-Phase-2	2	Mid	A	155t5
156t5	GATTACA	ATGC	Mid-Phase-2	2	Mid	B	156t5
163t5	GATTACA	ATGC	Mid-Phase-2	2	Mid	B	163t5
169t5	GATTACA	ATGC	Mid-Phase-2	2	Mid	B	169t5
191t5	GATTACA	ATGC	Mid-Phase-2	2	Mid	A	191t5
150t6	GATTACA	ATGC	End-Phase-2	2	End	A	150t6
151t6	GATTACA	ATGC	End-Phase-2	2	End	B	151t6
155t6	GATTACA	ATGC	End-Phase-2	2	End	A	155t6
156t6	GATTACA	ATGC	End-Phase-2	2	End	B	156t6
163t6	GATTACA	ATGC	End-Phase-2	2	End	B	163t6
169t6	GATTACA	ATGC	End-Phase-2	2	End	B	169t6
191t6	GATTACA	ATGC	End-Phase-2	2	End	A	191t6
114t1	GATTACA	ATGC	Pre-Phase-1	1	Pre	B	114t1
120t1	GATTACA	ATGC	Pre-Phase-1	1	Pre	B	120t1
125t1	GATTACA	ATGC	Pre-Phase-1	1	Pre	A	125t1
129t1	GATTACA	ATGC	Pre-Phase-1	1	Pre	A	129t1
134t1	GATTACA	ATGC	Pre-Phase-1	1	Pre	B	134t1
139t1	GATTACA	ATGC	Pre-Phase-1	1	Pre	B	139t1
148t1	GATTACA	ATGC	Pre-Phase-1	1	Pre	A	148t1
114t2	GATTACA	ATGC	Mid-Phase-1	1	Mid	B	114t2
120t2	GATTACA	ATGC	Mid-Phase-1	1	Mid	B	120t2
125t2	GATTACA	ATGC	Mid-Phase-1	1	Mid	A	125t2
129t2	GATTACA	ATGC	Mid-Phase-1	1	Mid	A	129t2
134t2	GATTACA	ATGC	Mid-Phase-1	1	Mid	B	134t2
139t2	GATTACA	ATGC	Mid-Phase-1	1	Mid	B	139t2
148t2	GATTACA	ATGC	Mid-Phase-1	1	Mid	A	148t2
114t3	GATTACA	ATGC	End-Phase-1	1	End	B	114t3
120t3	GATTACA	ATGC	End-Phase-1	1	End	B	120t3
125t3	GATTACA	ATGC	End-Phase-1	1	End	A	125t3
129t3	GATTACA	ATGC	End-Phase-1	1	End	A	129t3
134t3	GATTACA	ATGC	End-Phase-1	1	End	B	134t3
139t3	GATTACA	ATGC	End-Phase-1	1	End	B	139t3
148t3	GATTACA	ATGC	End-Phase-1	1	End	A	148t3
114t4	GATTACA	ATGC	Pre-Phase-2	2	Pre	A	114t4
120t4	GATTACA	ATGC	Pre-Phase-2	2	Pre	A	120t4
125t4	GATTACA	ATGC	Pre-Phase-2	2	Pre	B	125t4
129t4	GATTACA	ATGC	Pre-Phase-2	2	Pre	B	129t4
134t4	GATTACA	ATGC	Pre-Phase-2	2	Pre	A	134t4
139t4	GATTACA	ATGC	Pre-Phase-2	2	Pre	A	139t4
114t5	GATTACA	ATGC	Mid-Phase-2	2	Mid	A	114t5
120t5	GATTACA	ATGC	Mid-Phase-2	2	Mid	A	120t5
125t5	GATTACA	ATGC	Mid-Phase-2	2	Mid	B	125t5
129t5	GATTACA	ATGC	Mid-Phase-2	2	Mid	B	129t5
134t5	GATTACA	ATGC	Mid-Phase-2	2	Mid	A	134t5
139t5	GATTACA	ATGC	Mid-Phase-2	2	Mid	A	139t5
114t6	GATTACA	ATGC	End-Phase-2	2	End	A	114t6
120t6	GATTACA	ATGC	End-Phase-2	2	End	A	120t6
125t6	GATTACA	ATGC	End-Phase-2	2	End	B	125t6
129t6	GATTACA	ATGC	End-Phase-2	2	End	B	129t6
134t6	GATTACA	ATGC	End-Phase-2	2	End	A	134t6
139t6	GATTACA	ATGC	End-Phase-2	2	End	A	139t6
